,Counrty ,Survey year,Wasting,Stunting,Underweight
1,AFGHANISTAN,1997,18.2,53.2,44.9
2,AFGHANISTAN,2004,8.6,59.3,32.9
3,AFGHANISTAN,2013,9.5,40.4,24.6
4,AFGHANISTAN,2018,5.1,38.2,19.1
5,ALBANIA,1996-98,8.1,20.4,7.1
6,ALBANIA,2000,12.2,39.2,17.0
7,ALBANIA,2005,7.3,26.7,6.6
8,ALBANIA,2008-09,9.6,23.2,6.3
9,ALBANIA,2017-18,1.6,11.3,1.5
10,ALGERIA,1987,4.0,16.9,8.0
11,ALGERIA,1992,7.1,22.9,9.2
12,ALGERIA,1995,9.6,22.5,11.3
13,ALGERIA,2000,3.1,23.6,5.4
14,ALGERIA,2002,9.6,24.0,11.1
15,ALGERIA,2006,4.1,15.4,3.4
16,ALGERIA,2012-13,4.1,11.7,3.0
17,ANGOLA,1996,7.7,61.1,36.2
18,ANGOLA,2007,8.2,29.2,15.6
19,ANGOLA,2015-16,4.9,37.6,19.0
20,ARGENTINA,1994,1.6,7.1,1.7
21,ARGENTINA,1995-96,4.2,16.9,4.7
22,ARGENTINA,2004-05,1.2,8.2,2.3
23,ARGENTINA,2018-19,1.6,7.9,1.7
24,ARMENIA,1998,3.3,15.1,2.7
25,ARMENIA,2000,2.5,17.3,2.6
26,ARMENIA,2005,5.4,17.9,4.2
27,ARMENIA,2010,4.1,20.9,5.3
28,ARMENIA,2015-16,4.4,9.4,2.6
29,AUSTRALIA,1995-96,0.0,0.0,0.0
30,AUSTRALIA,2007,0.0,2.0,0.2
31,AUSTRALIA,2014-15,6.948063781321184,29.045321307779027,15.831152993348114
32,AUSTRALIA,2017-18,6.948063781321184,29.045321307779027,15.831152993348114
33,AZERBAIJAN,1996,3.8,28.0,8.8
34,AZERBAIJAN,2000,9.0,24.2,14.0
35,AZERBAIJAN,2001,3.2,18.0,5.9
36,AZERBAIJAN,2006,6.8,26.5,8.4
37,AZERBAIJAN,2011,6.6,16.4,6.5
38,AZERBAIJAN,2013,3.2,17.8,4.9
39,BAHRAIN,1989,6.8,13.9,6.3
40,BAHRAIN,1995,6.6,13.6,7.6
41,BANGLADESH,1985-86,17.3,70.9,66.8
42,BANGLADESH,1989-90,17.5,63.4,61.5
43,BANGLADESH,1991,15.2,73.6,61.2
44,BANGLADESH,1992,16.1,71.5,60.6
45,BANGLADESH,1993,14.0,69.2,56.1
46,BANGLADESH,1994,16.7,67.3,58.0
47,BANGLADESH,1995,15.1,65.8,55.2
48,BANGLADESH,1996,15.5,63.8,54.0
49,BANGLADESH,1996-97,20.7,59.6,53.6
50,BANGLADESH,1998,15.0,59.3,50.7
51,BANGLADESH,1999,13.7,59.9,49.5
52,BANGLADESH,1999-00,12.5,51.1,42.4
53,BANGLADESH,2001,12.7,53.2,43.2
54,BANGLADESH,2002,12.4,51.4,41.0
55,BANGLADESH,2003,12.5,47.8,38.9
56,BANGLADESH,2004,14.6,50.5,42.8
57,BANGLADESH,2005,11.8,45.9,37.3
58,BANGLADESH,2006,11.9,45.1,37.9
59,BANGLADESH,2007,17.5,43.2,41.3
60,BANGLADESH,2011,15.7,41.3,36.7
61,BANGLADESH,2012-13,9.6,42.0,31.9
62,BANGLADESH,2013,18.1,38.7,35.1
63,BANGLADESH,2014,14.4,36.2,32.8
64,BANGLADESH,2017-18,8.4,30.8,21.9
65,BARBADOS,2012,6.8,7.7,3.5
66,BELARUS,2005,2.2,4.5,1.3
67,BELIZE,1992,6.948063781321184,29.045321307779027,5.4
68,BELIZE,2006,1.9,22.0,5.0
69,BELIZE,2011,3.3,19.3,6.2
70,BELIZE,2015-16,1.8,15.0,4.6
71,BENIN,1996,12.3,39.1,26.2
72,BENIN,2001,9.0,36.2,19.5
73,BENIN,2014,4.5,34.0,18.0
74,BENIN,2017-18,5.0,32.2,16.8
75,BHUTAN,1986-88,5.2,60.9,34.0
76,BHUTAN,1999,2.5,47.7,14.1
77,BHUTAN,2008,4.5,34.9,10.4
78,BHUTAN,2010,5.9,33.5,12.7
79,BOLIVIA (PLURINATIONAL STATE OF),1988,6.948063781321184,29.045321307779027,9.8
80,BOLIVIA (PLURINATIONAL STATE OF),1989,1.5,44.0,7.8
81,BOLIVIA (PLURINATIONAL STATE OF),1990,6.948063781321184,29.045321307779027,9.7
82,BOLIVIA (PLURINATIONAL STATE OF),1991,6.948063781321184,29.045321307779027,10.2
83,BOLIVIA (PLURINATIONAL STATE OF),1992,6.948063781321184,29.045321307779027,10.5
84,BOLIVIA (PLURINATIONAL STATE OF),1993-94,3.6,37.1,11.0
85,BOLIVIA (PLURINATIONAL STATE OF),1998,1.6,33.2,5.9
86,BOLIVIA (PLURINATIONAL STATE OF),2003-04,1.7,32.4,5.8
87,BOLIVIA (PLURINATIONAL STATE OF),2008,1.4,27.1,4.5
88,BOLIVIA (PLURINATIONAL STATE OF),2012,1.5,18.2,3.6
89,BOLIVIA (PLURINATIONAL STATE OF),2016,2.0,16.1,3.4
90,BOSNIA AND HERZEGOVINA,2000,7.4,12.1,4.2
91,BOSNIA AND HERZEGOVINA,2006,4.0,11.8,1.6
92,BOSNIA AND HERZEGOVINA,2011-12,2.3,8.9,1.6
93,BOTSWANA,1996,13.2,35.1,15.1
94,BOTSWANA,2000,5.9,29.1,11.1
95,BOTSWANA,2007-08,7.3,28.9,11.8
96,BRAZIL,1989,2.4,19.8,5.6
97,BRAZIL,1996,2.8,13.0,4.5
98,BRAZIL,2002-03,6.948063781321184,29.045321307779027,3.7
99,BRAZIL,2006-07,1.8,7.0,2.2
100,BRUNEI DARUSSALAM,2009,2.9,19.7,9.6
101,BULGARIA,2004,3.2,8.8,1.6
102,BULGARIA,2007,4.5,6.6,2.5
103,BULGARIA,2014,6.3,7.0,1.9
104,BURKINA FASO,1992-93,15.4,38.7,28.7
105,BURKINA FASO,1998-99,15.5,41.4,30.9
106,BURKINA FASO,2003,21.2,43.1,35.2
107,BURKINA FASO,2006,24.4,40.0,35.9
108,BURKINA FASO,2009,11.3,35.1,26.0
109,BURKINA FASO,2010,15.5,34.7,26.2
110,BURKINA FASO,2011,10.4,34.6,25.1
111,BURKINA FASO,2012,10.7,32.8,24.3
112,BURKINA FASO,2013,8.1,31.3,20.9
113,BURKINA FASO,2014,8.5,29.0,20.0
114,BURKINA FASO,2016,7.5,26.8,18.9
115,BURKINA FASO,2017,8.6,21.1,16.2
116,BURKINA FASO,2018,8.4,24.9,17.7
117,BURUNDI,1987,6.7,56.2,33.6
118,BURUNDI,2000,8.1,64.0,39.1
119,BURUNDI,2005,9.0,57.7,35.2
120,BURUNDI,2010-11,6.0,57.6,29.1
121,BURUNDI,2016-17,5.1,55.9,29.3
122,BURUNDI,2018-19,4.8,54.0,27.0
123,CABO VERDE,1985,4.2,26.8,13.7
124,CABO VERDE,1994,6.9,21.4,11.8
125,CAMBODIA,1996,13.4,58.6,42.6
126,CAMBODIA,2000,17.1,49.0,39.7
127,CAMBODIA,2005-06,8.5,42.8,28.3
128,CAMBODIA,2008,9.1,39.5,28.3
129,CAMBODIA,2010-11,11.0,39.8,28.9
130,CAMBODIA,2014,9.7,32.4,24.1
131,CAMEROON,1991,4.5,31.6,12.9
132,CAMEROON,1998,6.2,38.2,17.3
133,CAMEROON,2004,6.2,35.6,15.1
134,CAMEROON,2006,7.6,37.6,16.5
135,CAMEROON,2011,5.7,32.6,15.2
136,CAMEROON,2014,5.2,31.7,14.8
137,CAMEROON,2018-19,4.3,28.9,11.0
138,CANADA,2004,6.948063781321184,29.045321307779027,15.831152993348114
139,CENTRAL AFRICAN REPUBLIC,1994-95,8.7,41.5,24.0
140,CENTRAL AFRICAN REPUBLIC,2000,10.4,44.4,21.3
141,CENTRAL AFRICAN REPUBLIC,2006,12.1,43.6,26.1
142,CENTRAL AFRICAN REPUBLIC,2010-11,7.4,40.7,23.5
143,CENTRAL AFRICAN REPUBLIC,2012,7.4,39.7,24.5
144,CENTRAL AFRICAN REPUBLIC,2018,6.5,37.5,19.7
145,CHAD,1996-97,16.5,44.5,34.3
146,CHAD,2000,13.9,38.9,29.2
147,CHAD,2004,16.2,44.4,33.8
148,CHAD,2010,16.3,38.7,30.3
149,CHAD,2014-15,13.3,39.8,29.4
150,CHILE,1986,0.7,13.5,2.2
151,CHILE,1994,0.5,4.2,0.8
152,CHILE,1995,0.5,3.9,0.8
153,CHILE,1996,0.5,3.7,0.7
154,CHILE,1998,0.6,3.3,0.7
155,CHILE,1999,0.5,3.1,0.7
156,CHILE,2001,0.5,2.8,0.7
157,CHILE,2002,0.5,2.5,0.7
158,CHILE,2003,0.5,2.5,0.6
159,CHILE,2004,0.5,2.4,0.6
160,CHILE,2006,0.5,2.2,0.6
161,CHILE,2007,0.3,2.1,0.6
162,CHILE,2008,0.3,2.0,0.5
163,CHILE,2013,0.3,1.8,0.5
164,CHILE,2014,0.3,1.8,0.5
165,CHINA,1987,4.8,38.3,18.7
166,CHINA,1990,4.2,32.3,12.6
167,CHINA,1992,3.9,38.0,14.2
168,CHINA,1995,5.0,31.2,10.7
169,CHINA,1998,2.4,19.8,6.9
170,CHINA,2000,2.5,17.8,7.4
171,CHINA,2002,3.0,21.8,6.8
172,CHINA,2005,2.9,11.7,4.5
173,CHINA,2008,2.6,9.8,3.8
174,CHINA,2009,2.6,9.0,3.4
175,CHINA,2010,2.3,9.4,3.4
176,CHINA,2013,1.9,8.1,2.4
177,COLOMBIA,1986,1.0,26.6,8.9
178,COLOMBIA,1989,3.8,21.8,8.8
179,COLOMBIA,1995,1.7,19.6,6.3
180,COLOMBIA,2000,1.0,18.2,4.9
181,COLOMBIA,2004-05,1.6,16.0,5.0
182,COLOMBIA,2009-10,0.9,12.6,3.4
183,COLOMBIA,2015-16,1.6,12.7,3.7
184,COMOROS,1991-92,5.3,38.5,15.2
185,COMOROS,1996,10.7,40.0,21.1
186,COMOROS,2000,13.3,46.9,25.1
187,COMOROS,2012,11.2,31.1,16.9
188,CONGO,1987,6.6,30.1,16.4
189,CONGO,2005,8.0,31.2,11.9
190,CONGO,2011-12,6.0,24.4,11.8
191,CONGO,2014-15,8.2,21.2,12.3
192,COSTA RICA,1989,6.948063781321184,29.045321307779027,2.4
193,COSTA RICA,1990,6.948063781321184,29.045321307779027,2.5
194,COSTA RICA,1991,6.948063781321184,29.045321307779027,2.2
195,COSTA RICA,1992,6.948063781321184,29.045321307779027,2.0
196,COSTA RICA,1993,6.948063781321184,29.045321307779027,2.0
197,COSTA RICA,1994,6.948063781321184,29.045321307779027,1.9
198,COSTA RICA,1996,2.4,8.2,3.8
199,COSTA RICA,2008-09,1.0,5.6,1.1
200,CUBA,2000,2.4,7.0,3.4
201,CZECHIA,1991,2.8,3.1,0.9
202,CZECHIA,2001-02,4.6,2.7,2.1
203,CôTE D'IVOIRE,1985-87,10.3,22.5,10.8
204,CôTE D'IVOIRE,1994,8.3,34.2,20.3
205,CôTE D'IVOIRE,1998-99,6.9,31.2,18.2
206,CôTE D'IVOIRE,2006,8.4,41.3,16.5
207,CôTE D'IVOIRE,2007,14.0,39.0,29.4
208,CôTE D'IVOIRE,2011-12,7.6,29.9,15.7
209,CôTE D'IVOIRE,2016,6.1,21.6,12.8
210,DEMOCRATIC PEOPLE'S REPUBLIC OF KOREA,1998,20.8,63.9,55.5
211,DEMOCRATIC PEOPLE'S REPUBLIC OF KOREA,2000,12.2,51.0,24.7
212,DEMOCRATIC PEOPLE'S REPUBLIC OF KOREA,2002,8.7,44.7,17.8
213,DEMOCRATIC PEOPLE'S REPUBLIC OF KOREA,2004,8.5,43.1,20.6
214,DEMOCRATIC PEOPLE'S REPUBLIC OF KOREA,2009,5.2,32.4,18.8
215,DEMOCRATIC PEOPLE'S REPUBLIC OF KOREA,2012,4.0,27.9,15.2
216,DEMOCRATIC PEOPLE'S REPUBLIC OF KOREA,2017,2.5,19.1,9.3
217,DEMOCRATIC REPUBLIC OF THE CONGO,1995,11.4,51.0,30.7
218,DEMOCRATIC REPUBLIC OF THE CONGO,2001,15.9,44.4,30.3
219,DEMOCRATIC REPUBLIC OF THE CONGO,2007,10.4,45.8,25.6
220,DEMOCRATIC REPUBLIC OF THE CONGO,2010,8.5,43.4,24.2
221,DEMOCRATIC REPUBLIC OF THE CONGO,2013-14,8.1,42.7,23.4
222,DJIBOUTI,1989-90,12.5,28.0,20.2
223,DJIBOUTI,1996,14.9,31.7,16.0
224,DJIBOUTI,2002,19.4,27.1,24.4
225,DJIBOUTI,2012,21.5,33.5,29.9
226,DOMINICAN REPUBLIC,1986,3.3,20.4,8.7
227,DOMINICAN REPUBLIC,1991,2.1,21.1,8.4
228,DOMINICAN REPUBLIC,1996,2.0,13.5,4.7
229,DOMINICAN REPUBLIC,2000,1.5,7.7,3.3
230,DOMINICAN REPUBLIC,2002,2.2,11.6,4.2
231,DOMINICAN REPUBLIC,2006,1.9,10.5,4.6
232,DOMINICAN REPUBLIC,2007,2.3,10.1,3.4
233,DOMINICAN REPUBLIC,2013,2.4,7.1,4.0
234,ECUADOR,1986,2.3,40.2,14.5
235,ECUADOR,1998-99,2.7,27.9,10.4
236,ECUADOR,2004,2.0,29.2,6.7
237,ECUADOR,2005-06,2.1,25.9,6.8
238,ECUADOR,2012,2.4,25.4,6.4
239,ECUADOR,2013-14,1.6,23.9,5.1
240,EGYPT,1988-89,1.9,34.0,9.4
241,EGYPT,1991,4.5,34.9,10.5
242,EGYPT,1992-93,4.0,31.1,8.2
243,EGYPT,1995-96,5.7,34.8,10.8
244,EGYPT,1997-98,7.5,30.9,10.2
245,EGYPT,1998,6.4,26.3,9.4
246,EGYPT,2000,6.948063781321184,24.4,15.831152993348114
247,EGYPT,2003,5.2,20.2,8.7
248,EGYPT,2005,5.3,23.9,5.4
249,EGYPT,2008,7.9,30.7,6.8
250,EGYPT,2014,9.5,22.3,7.0
251,EL SALVADOR,1988,2.2,36.7,11.1
252,EL SALVADOR,1993,1.5,31.6,8.0
253,EL SALVADOR,1998,1.5,32.3,9.7
254,EL SALVADOR,2002-03,1.3,24.6,6.1
255,EL SALVADOR,2008,1.6,20.8,6.7
256,EL SALVADOR,2014,2.1,13.6,5.0
257,EQUATORIAL GUINEA,1997,4.0,38.7,13.8
258,EQUATORIAL GUINEA,2000,9.2,42.7,15.7
259,EQUATORIAL GUINEA,2004,2.8,35.0,10.6
260,EQUATORIAL GUINEA,2011,3.1,26.2,5.6
261,ERITREA,1993,11.8,69.6,36.9
262,ERITREA,1995-96,17.0,47.8,39.6
263,ERITREA,2002,15.0,43.0,34.3
264,ERITREA,2010,14.6,52.5,39.4
265,ESWATINI,2000,1.7,36.5,9.1
266,ESWATINI,2006-07,2.9,29.2,6.0
267,ESWATINI,2008,1.1,40.4,7.3
268,ESWATINI,2010,0.8,30.9,5.9
269,ESWATINI,2014,2.0,25.5,5.8
270,ETHIOPIA,1992,9.2,66.9,41.9
271,ETHIOPIA,2000,12.4,57.4,41.8
272,ETHIOPIA,2005,12.4,50.0,34.3
273,ETHIOPIA,2010-11,9.8,44.4,29.2
274,ETHIOPIA,2014,8.7,40.4,25.2
275,ETHIOPIA,2016,10.0,38.3,23.5
276,ETHIOPIA,2019,7.2,36.8,21.1
277,FIJI,1993,9.8,4.3,6.9
278,FIJI,2004,6.3,7.5,5.3
279,GABON,2000-01,4.2,25.9,9.0
280,GABON,2012,3.4,17.0,6.4
281,GAMBIA,1996,6.948063781321184,36.1,23.2
282,GAMBIA,2000,9.1,24.1,15.4
283,GAMBIA,2005-06,7.4,27.7,15.8
284,GAMBIA,2010,9.5,23.4,17.4
285,GAMBIA,2012,9.5,21.1,17.9
286,GAMBIA,2013,11.0,24.6,16.5
287,GAMBIA,2018,6.2,19.0,13.9
288,GAMBIA,2018,6.0,13.6,10.3
289,GEORGIA,1999,3.1,16.1,2.7
290,GEORGIA,2005,3.0,14.6,2.4
291,GEORGIA,2009,1.6,11.3,1.1
292,GERMANY,2003-06,1.0,1.3,1.1
293,GERMANY,2014-17,0.3,1.7,0.5
294,GHANA,1988,7.0,42.6,24.8
295,GHANA,1993-94,10.9,41.2,25.8
296,GHANA,1998-99,9.9,30.6,20.1
297,GHANA,2003,8.4,35.5,19.0
298,GHANA,2006,6.0,27.9,13.9
299,GHANA,2008,8.7,28.4,14.4
300,GHANA,2011,6.2,22.8,13.4
301,GHANA,2014,4.7,18.8,11.2
302,GHANA,2017-18,6.8,17.5,12.6
303,GUATEMALA,1987,1.9,66.2,27.9
304,GUATEMALA,1995,3.8,55.4,21.7
305,GUATEMALA,1998-99,2.9,53.1,20.3
306,GUATEMALA,2000,3.7,51.0,18.8
307,GUATEMALA,2002,1.9,54.8,18.2
308,GUATEMALA,2008-09,1.0,51.5,14.1
309,GUATEMALA,2014-15,0.8,46.7,12.4
310,GUINEA,1994-95,14.0,35.3,21.2
311,GUINEA,1999,9.7,31.1,20.0
312,GUINEA,2005,11.0,39.3,22.7
313,GUINEA,2007-08,7.2,34.0,16.4
314,GUINEA,2011-12,5.1,34.4,16.0
315,GUINEA,2012,10.0,31.1,18.8
316,GUINEA,2016,8.1,32.4,18.3
317,GUINEA,2018,9.2,30.3,16.3
318,GUINEA-BISSAU,2000,11.8,33.8,19.8
319,GUINEA-BISSAU,2006,8.8,47.7,17.4
320,GUINEA-BISSAU,2010,5.9,32.0,18.0
321,GUINEA-BISSAU,2014,6.0,27.6,17.0
322,GUYANA,1993,6.948063781321184,29.045321307779027,16.1
323,GUYANA,1997,13.3,14.0,10.3
324,GUYANA,2000,12.1,13.9,11.9
325,GUYANA,2006-07,8.3,17.9,10.8
326,GUYANA,2009,5.5,19.3,11.0
327,GUYANA,2014,6.4,11.3,8.2
328,HAITI,1990,5.9,40.1,23.7
329,HAITI,1994-95,9.3,37.1,23.8
330,HAITI,2000,5.5,28.8,13.9
331,HAITI,2005-06,10.2,29.6,18.9
332,HAITI,2012,5.1,22.0,11.6
333,HAITI,2016-17,3.7,21.9,9.5
334,HONDURAS,1987,2.3,43.3,18.1
335,HONDURAS,1991-92,2.4,42.7,15.0
336,HONDURAS,1993-94,2.7,45.7,16.1
337,HONDURAS,1996,1.6,38.6,17.9
338,HONDURAS,2001,1.3,35.5,12.8
339,HONDURAS,2005-06,1.4,29.8,8.7
340,HONDURAS,2011-12,1.4,22.6,7.1
341,INDIA,1988-90,20.3,62.7,55.5
342,INDIA,1991-92,20.0,61.9,52.8
343,INDIA,1992-93,19.9,57.7,51.2
344,INDIA,1996-97,18.4,45.9,38.4
345,INDIA,1998-00,17.1,54.2,46.3
346,INDIA,2005-06,20.0,47.8,43.5
347,INDIA,2013-14,15.1,38.7,29.4
348,INDIA,2015-16,20.8,37.9,36.3
349,INDIA,2016-18,17.3,34.7,33.4
350,INDONESIA,1987,6.948063781321184,29.045321307779027,35.9
351,INDONESIA,1989,6.948063781321184,29.045321307779027,31.0
352,INDONESIA,1992,6.948063781321184,29.045321307779027,29.8
353,INDONESIA,1996,14.9,48.1,30.3
354,INDONESIA,1998,6.948063781321184,29.045321307779027,25.8
355,INDONESIA,1999,6.948063781321184,29.045321307779027,22.8
356,INDONESIA,2000,5.5,42.4,24.8
357,INDONESIA,2001,5.4,41.6,23.4
358,INDONESIA,2002,6.948063781321184,29.045321307779027,23.0
359,INDONESIA,2003,6.948063781321184,29.045321307779027,23.1
360,INDONESIA,2004,14.4,28.6,19.7
361,INDONESIA,2005,6.948063781321184,29.045321307779027,24.4
362,INDONESIA,2007,14.8,40.1,19.6
363,INDONESIA,2010,12.3,39.2,18.6
364,INDONESIA,2013,13.5,36.4,19.9
365,INDONESIA,2018,10.2,30.8,17.7
366,IRAN (ISLAMIC REPUBLIC OF),1995,8.1,24.4,13.8
367,IRAN (ISLAMIC REPUBLIC OF),1998,6.1,20.4,9.5
368,IRAN (ISLAMIC REPUBLIC OF),2004,4.8,7.1,4.6
369,IRAN (ISLAMIC REPUBLIC OF),2010-11,4.0,6.8,4.1
370,IRAQ,1991,4.4,27.6,10.4
371,IRAQ,2000,6.6,28.1,12.8
372,IRAQ,2003,5.6,33.7,10.1
373,IRAQ,2004,6.9,20.0,8.0
374,IRAQ,2006,5.8,27.5,7.1
375,IRAQ,2011,6.5,22.1,7.2
376,IRAQ,2018,3.0,12.6,3.9
377,JAMAICA,1989,4.4,12.4,6.3
378,JAMAICA,1991,5.5,11.8,5.6
379,JAMAICA,1992,2.7,14.4,5.7
380,JAMAICA,1993,4.4,12.6,6.1
381,JAMAICA,1994,3.0,12.1,4.6
382,JAMAICA,1995,4.8,9.7,4.8
383,JAMAICA,1996,2.5,11.2,5.6
384,JAMAICA,1997,2.2,8.7,3.5
385,JAMAICA,1998,2.6,9.5,3.8
386,JAMAICA,1999,2.4,5.7,2.1
387,JAMAICA,2000,3.0,7.2,3.9
388,JAMAICA,2001,3.2,6.6,4.0
389,JAMAICA,2002,2.4,8.2,2.7
390,JAMAICA,2004,4.5,4.9,3.1
391,JAMAICA,2006,3.7,7.5,4.8
392,JAMAICA,2007,2.7,5.4,1.8
393,JAMAICA,2008,2.5,6.9,2.4
394,JAMAICA,2010,4.8,6.0,3.4
395,JAMAICA,2012,3.0,6.8,2.7
396,JAMAICA,2014,3.6,6.0,2.2
397,JAPAN,2010,2.3,7.1,3.4
398,JORDAN,1990,4.0,20.0,5.1
399,JORDAN,1997,2.4,11.1,3.8
400,JORDAN,2002,2.5,11.7,3.7
401,JORDAN,2009,1.6,8.2,1.9
402,JORDAN,2012,2.4,7.8,3.0
403,KAZAKHSTAN,1995,6.4,23.3,4.4
404,KAZAKHSTAN,1999,2.5,13.2,3.8
405,KAZAKHSTAN,2006,4.9,17.5,4.9
406,KAZAKHSTAN,2010-11,4.1,13.1,3.7
407,KAZAKHSTAN,2015,3.1,8.0,2.0
408,KENYA,1985-89,5.5,37.0,15.831152993348114
409,KENYA,1993,7.1,40.2,19.4
410,KENYA,1994,6.8,41.1,17.9
411,KENYA,1998,7.2,37.4,17.5
412,KENYA,2000,7.4,40.8,17.1
413,KENYA,2003,6.2,35.8,16.4
414,KENYA,2005-06,6.9,40.3,18.0
415,KENYA,2008-09,6.9,35.5,16.5
416,KENYA,2014,4.2,26.2,11.2
417,KIRIBATI,1985,12.6,34.4,11.3
418,KIRIBATI,2009,6.948063781321184,29.045321307779027,15.1
419,KUWAIT,1996-97,1.7,5.0,1.5
420,KUWAIT,2001,2.2,4.0,2.2
421,KUWAIT,2002,2.2,3.6,2.1
422,KUWAIT,2003,2.6,3.9,2.3
423,KUWAIT,2004,3.4,4.1,2.8
424,KUWAIT,2005,3.3,4.5,2.7
425,KUWAIT,2006,2.8,4.6,2.7
426,KUWAIT,2007,3.6,5.1,2.9
427,KUWAIT,2008,2.2,5.1,2.3
428,KUWAIT,2009,1.8,3.8,1.7
429,KUWAIT,2010,2.4,4.1,1.7
430,KUWAIT,2011,1.7,4.0,2.1
431,KUWAIT,2012,2.4,4.3,2.2
432,KUWAIT,2013,2.7,4.8,3.1
433,KUWAIT,2014,2.4,5.8,3.0
434,KUWAIT,2015,3.1,4.9,15.831152993348114
435,KUWAIT,2016,2.4,5.9,15.831152993348114
436,KUWAIT,2017,2.5,6.4,15.831152993348114
437,KYRGYZSTAN,1997,2.9,36.2,10.4
438,KYRGYZSTAN,2005-06,3.4,18.1,2.7
439,KYRGYZSTAN,2009,1.3,22.6,4.7
440,KYRGYZSTAN,2012,2.8,17.9,3.8
441,KYRGYZSTAN,2014,2.8,12.9,2.8
442,KYRGYZSTAN,2018,2.0,11.8,1.8
443,LAO PEOPLE'S DEMOCRATIC REPUBLIC,1993,11.8,53.6,39.8
444,LAO PEOPLE'S DEMOCRATIC REPUBLIC,1994,12.3,52.9,35.9
445,LAO PEOPLE'S DEMOCRATIC REPUBLIC,2000,17.5,47.5,35.6
446,LAO PEOPLE'S DEMOCRATIC REPUBLIC,2006,7.4,47.7,31.6
447,LAO PEOPLE'S DEMOCRATIC REPUBLIC,2011-12,5.9,44.2,26.6
448,LAO PEOPLE'S DEMOCRATIC REPUBLIC,2015,9.7,35.5,25.5
449,LAO PEOPLE'S DEMOCRATIC REPUBLIC,2017,9.0,33.1,21.1
450,LEBANON,1996,3.6,17.2,3.5
451,LEBANON,2004,6.6,16.5,4.2
452,LESOTHO,1992,3.2,39.2,13.8
453,LESOTHO,1993,22.4,37.5,18.9
454,LESOTHO,2000,6.8,52.7,14.9
455,LESOTHO,2004-05,5.6,44.7,16.6
456,LESOTHO,2009-10,3.8,39.3,13.4
457,LESOTHO,2014,2.8,33.4,10.5
458,LESOTHO,2018,2.1,34.6,10.5
459,LIBERIA,1999-00,7.4,45.3,22.8
460,LIBERIA,2006-07,7.9,39.6,20.4
461,LIBERIA,2010,4.0,39.0,16.6
462,LIBERIA,2013,5.6,32.1,15.3
463,LIBERIA,2016,4.3,30.1,13.6
464,LIBYA,1995,3.6,21.1,4.2
465,LIBYA,2007,6.5,21.0,5.6
466,LIBYA,2014,10.2,38.1,11.7
467,MADAGASCAR,1992,6.4,60.5,35.2
468,MADAGASCAR,1993-94,16.4,54.1,40.9
469,MADAGASCAR,1995,9.0,55.2,30.4
470,MADAGASCAR,1997,8.9,58.2,38.0
471,MADAGASCAR,2003-04,15.1,52.7,36.7
472,MADAGASCAR,2008-09,6.948063781321184,49.4,15.831152993348114
473,MADAGASCAR,2012-13,7.5,48.9,32.6
474,MADAGASCAR,2018,6.4,41.6,26.4
475,MALAWI,1992,6.6,55.4,24.4
476,MALAWI,1995,8.5,53.8,26.5
477,MALAWI,1997-98,8.7,62.3,24.5
478,MALAWI,2000,6.8,54.7,21.5
479,MALAWI,2002,6.3,58.3,21.7
480,MALAWI,2004-05,6.3,52.5,18.6
481,MALAWI,2006,4.2,53.1,15.6
482,MALAWI,2009,1.8,48.8,12.1
483,MALAWI,2010,4.0,47.3,13.9
484,MALAWI,2013-14,3.8,42.4,16.7
485,MALAWI,2015-16,2.8,37.4,11.8
486,MALAWI,2016,2.4,44.2,15.8
487,MALAWI,2016,3.9,38.3,15.0
488,MALAWI,2017,2.2,29.045321307779027,11.2
489,MALAWI,2018,1.3,39.0,11.8
490,MALAYSIA,1990,6.948063781321184,29.045321307779027,22.1
491,MALAYSIA,1991,6.948063781321184,29.045321307779027,23.1
492,MALAYSIA,1992,6.948063781321184,29.045321307779027,22.6
493,MALAYSIA,1993,6.948063781321184,29.045321307779027,20.5
494,MALAYSIA,1994,6.948063781321184,29.045321307779027,19.7
495,MALAYSIA,1995,6.948063781321184,29.045321307779027,17.7
496,MALAYSIA,1999,15.3,20.7,16.7
497,MALAYSIA,2006,6.948063781321184,17.2,12.9
498,MALAYSIA,2015,8.0,17.7,12.4
499,MALAYSIA,2016,11.5,20.7,13.7
500,MALDIVES,1994,16.1,36.1,32.5
501,MALDIVES,1995,18.9,33.0,39.0
502,MALDIVES,1997-98,19.9,43.0,36.7
503,MALDIVES,2001,13.4,31.9,25.7
504,MALDIVES,2009,10.6,19.0,17.7
505,MALI,1987,11.3,35.8,28.6
506,MALI,1995-96,22.0,39.9,37.7
507,MALI,2001,12.6,42.5,30.0
508,MALI,2006,15.4,37.6,27.9
509,MALI,2009-10,8.9,27.8,18.9
510,MALI,2015,13.5,30.4,25.0
511,MALI,2018,9.0,26.9,18.6
512,MARSHALL ISLANDS,2017,3.5,34.8,11.9
513,MAURITANIA,1988,19.1,40.2,15.831152993348114
514,MAURITANIA,1990,17.4,54.6,43.1
515,MAURITANIA,1995-96,8.7,49.8,20.3
516,MAURITANIA,2000-01,15.3,38.6,29.7
517,MAURITANIA,2007,13.6,31.5,25.5
518,MAURITANIA,2008,8.1,23.6,16.5
519,MAURITANIA,2011,13.9,29.7,24.4
520,MAURITANIA,2012,11.7,23.0,20.2
521,MAURITANIA,2015,14.8,27.9,24.9
522,MAURITANIA,2018,11.5,22.8,19.2
523,MAURITIUS,1985,18.3,27.3,21.1
524,MAURITIUS,1995,15.7,13.6,13.0
525,MEXICO,1988,6.1,26.9,10.9
526,MEXICO,1989,6.1,26.0,9.6
527,MEXICO,1996,8.5,25.8,10.3
528,MEXICO,1998-99,2.0,21.4,5.6
529,MEXICO,2005-06,2.0,15.5,3.4
530,MEXICO,2011-12,1.6,13.6,2.8
531,MEXICO,2015,1.0,12.4,3.9
532,MEXICO,2016,2.0,10.0,4.2
533,MONGOLIA,1992,2.4,33.1,11.8
534,MONGOLIA,1999,4.3,30.1,10.8
535,MONGOLIA,2000,7.1,29.8,11.6
536,MONGOLIA,2004,0.6,23.5,4.8
537,MONGOLIA,2005,2.7,27.5,5.3
538,MONGOLIA,2010,1.8,15.5,4.7
539,MONGOLIA,2013,1.0,10.8,1.6
540,MONGOLIA,2016,1.2,7.3,0.8
541,MONGOLIA,2018,0.9,9.4,1.8
542,MONTENEGRO,2005-06,4.2,7.9,2.2
543,MONTENEGRO,2013,2.8,9.4,1.0
544,MOROCCO,1987,3.9,31.0,10.4
545,MOROCCO,1992,2.6,30.1,8.1
546,MOROCCO,1996-97,4.7,28.9,7.7
547,MOROCCO,2003-04,10.8,23.1,9.8
548,MOROCCO,2010-11,2.3,14.9,2.9
549,MOROCCO,2017-18,2.6,15.1,2.6
550,MOZAMBIQUE,1995,9.6,59.9,23.9
551,MOZAMBIQUE,1997,9.8,48.7,26.3
552,MOZAMBIQUE,2000-01,8.1,50.7,24.5
553,MOZAMBIQUE,2003,5.4,46.9,21.2
554,MOZAMBIQUE,2008,4.2,43.5,18.2
555,MOZAMBIQUE,2011,6.1,42.9,15.6
556,MOZAMBIQUE,2014-15,4.4,42.3,15.6
557,MYANMAR,1990,6.948063781321184,29.045321307779027,32.5
558,MYANMAR,1991,12.7,53.6,37.0
559,MYANMAR,1994,9.2,58.7,31.2
560,MYANMAR,1995,6.948063781321184,29.045321307779027,38.7
561,MYANMAR,1997,9.6,55.4,28.1
562,MYANMAR,2000,10.7,40.8,30.0
563,MYANMAR,2003,11.7,42.7,29.2
564,MYANMAR,2009-10,7.9,35.1,22.6
565,MYANMAR,2015-16,6.6,29.4,18.5
566,NAMIBIA,1992,9.6,35.6,21.4
567,NAMIBIA,2000,10.0,29.3,20.2
568,NAMIBIA,2006-07,7.6,29.2,17.4
569,NAMIBIA,2013,7.1,22.7,13.2
570,NAURU,2007,1.0,24.0,4.8
571,NEPAL,1995,6.0,68.2,42.6
572,NEPAL,1996,12.6,65.7,47.1
573,NEPAL,1997-98,7.9,61.1,38.2
574,NEPAL,2001,11.3,56.1,42.8
575,NEPAL,2006,12.7,49.1,38.6
576,NEPAL,2011,11.2,40.1,28.9
577,NEPAL,2014,11.3,37.1,29.7
578,NEPAL,2016-17,9.6,36.1,27.3
579,NICARAGUA,1993,2.5,29.6,9.6
580,NICARAGUA,1997-98,3.4,30.5,10.3
581,NICARAGUA,2001,2.3,25.1,7.7
582,NICARAGUA,2003-05,0.3,18.8,4.3
583,NICARAGUA,2006-07,1.5,23.1,5.7
584,NICARAGUA,2011-12,2.2,17.3,4.6
585,NIGER,1985,25.3,43.8,45.0
586,NIGER,1992,18.8,45.3,38.7
587,NIGER,1998,19.8,50.7,46.9
588,NIGER,2000,16.2,53.5,43.1
589,NIGER,2006,12.5,54.8,39.9
590,NIGER,2012,18.2,43.5,38.0
591,NIGER,2012,13.4,39.9,32.1
592,NIGER,2013,12.4,42.5,33.1
593,NIGER,2014,14.2,42.2,34.6
594,NIGER,2016,10.4,41.3,32.0
595,NIGER,2018,14.1,48.5,37.5
596,NIGERIA,1990,11.7,48.7,33.1
597,NIGERIA,1993,20.6,43.8,35.1
598,NIGERIA,2003,11.2,42.5,26.7
599,NIGERIA,2007,13.4,39.2,23.3
600,NIGERIA,2008,14.5,40.6,26.7
601,NIGERIA,2011,10.2,35.8,24.2
602,NIGERIA,2013,18.1,36.5,31.0
603,NIGERIA,2014,7.9,33.6,20.6
604,NIGERIA,2015,7.3,33.0,19.5
605,NIGERIA,2016-17,10.8,43.6,31.5
606,NIGERIA,2018,6.8,36.8,21.8
607,NORTH MACEDONIA,1999,1.7,8.0,1.9
608,NORTH MACEDONIA,2005,3.4,11.3,1.8
609,NORTH MACEDONIA,2011,1.8,4.9,1.3
610,OMAN,1991,7.8,24.2,18.6
611,OMAN,1994-95,7.2,21.1,10.4
612,OMAN,1999,7.8,15.8,13.0
613,OMAN,2008-09,7.1,9.8,8.6
614,OMAN,2014,7.5,14.1,9.7
615,OMAN,2016-17,9.3,11.4,11.2
616,PAKISTAN,1985-87,24.0,62.5,44.4
617,PAKISTAN,1990-91,12.5,53.9,38.4
618,PAKISTAN,1990-94,17.2,42.7,35.3
619,PAKISTAN,1995,6.948063781321184,29.045321307779027,34.2
620,PAKISTAN,2001,14.1,41.4,31.2
621,PAKISTAN,2011,14.9,43.6,31.4
622,PAKISTAN,2012-13,10.5,45.0,31.8
623,PAKISTAN,2017-18,7.1,37.6,23.1
624,PANAMA,1997,1.3,16.8,5.0
625,PANAMA,2003,1.6,23.7,5.3
626,PANAMA,2008,1.2,19.0,3.9
627,PAPUA NEW GUINEA,1982-83,5.5,46.0,22.8
628,PAPUA NEW GUINEA,2005,4.4,43.9,18.1
629,PAPUA NEW GUINEA,2009-11,14.1,49.5,27.8
630,PARAGUAY,1990,0.6,18.3,2.8
631,PARAGUAY,2005,1.1,17.5,3.4
632,PARAGUAY,2011-12,2.6,10.7,2.6
633,PARAGUAY,2016,1.0,5.6,1.3
634,PERU,1991-92,1.9,37.3,8.8
635,PERU,1996,1.6,31.6,5.7
636,PERU,2000,1.1,31.3,5.2
637,PERU,2003-06,1.0,29.2,5.4
638,PERU,2007-08,0.8,28.0,4.3
639,PERU,2009,0.6,23.9,4.3
640,PERU,2010,0.7,23.3,4.3
641,PERU,2011,0.4,19.5,4.2
642,PERU,2012,0.6,18.4,3.4
643,PERU,2013,0.4,17.6,3.6
644,PERU,2014,0.6,14.8,3.2
645,PERU,2015,0.6,14.7,3.4
646,PERU,2016,0.6,13.1,3.2
647,PERU,2017,0.5,12.8,3.2
648,PERU,2018,0.5,12.2,2.6
649,PHILIPPINES,1987,5.7,44.7,29.3
650,PHILIPPINES,1989-90,6.9,43.3,29.9
651,PHILIPPINES,1992,8.8,40.9,29.8
652,PHILIPPINES,1993,9.1,38.9,26.3
653,PHILIPPINES,1998,8.0,38.3,28.3
654,PHILIPPINES,2003,6.0,33.8,20.7
655,PHILIPPINES,2008-09,6.6,32.0,20.6
656,PHILIPPINES,2011,7.0,33.4,20.2
657,PHILIPPINES,2013-14,7.6,30.0,19.9
658,PHILIPPINES,2015,6.8,33.1,21.4
659,PHILIPPINES,2018,5.6,30.3,19.1
660,POLAND,2009,6.948063781321184,2.9,15.831152993348114
661,POLAND,2014,6.948063781321184,2.6,15.831152993348114
662,QATAR,1995,2.1,11.6,4.8
663,REPUBLIC OF KOREA,2003,0.9,2.5,0.9
664,REPUBLIC OF KOREA,2008-11,1.2,2.5,0.7
665,REPUBLIC OF MOLDOVA,2005,5.8,10.7,3.2
666,REPUBLIC OF MOLDOVA,2012,1.9,6.4,2.2
667,ROMANIA,1991,3.3,11.2,5.0
668,ROMANIA,1999,3.6,15.3,3.4
669,ROMANIA,2000,4.3,12.8,3.7
670,ROMANIA,2001,3.9,14.0,3.8
671,ROMANIA,2002,3.5,12.8,3.5
672,RWANDA,1992,5.0,56.8,24.2
673,RWANDA,1996,11.0,45.4,22.6
674,RWANDA,2000,8.7,47.9,20.3
675,RWANDA,2005,4.9,51.4,17.9
676,RWANDA,2009,4.6,52.0,15.8
677,RWANDA,2010-11,2.9,44.3,11.7
678,RWANDA,2012,2.4,43.8,12.0
679,RWANDA,2014-15,2.3,38.3,9.6
680,RWANDA,2015,2.0,36.9,8.9
681,SAINT LUCIA,2012,3.7,2.5,2.8
682,SAMOA,1999,1.3,6.4,1.7
683,SAMOA,2014,3.9,4.9,3.2
684,SAO TOME AND PRINCIPE,1986,6.0,32.0,14.5
685,SAO TOME AND PRINCIPE,2000,3.9,35.5,10.2
686,SAO TOME AND PRINCIPE,2006,9.6,28.9,8.0
687,SAO TOME AND PRINCIPE,2008-09,11.6,30.8,14.8
688,SAO TOME AND PRINCIPE,2014,4.0,17.2,8.8
689,SAUDI ARABIA,1994,2.9,21.4,13.5
690,SAUDI ARABIA,2004-05,11.8,9.3,5.3
691,SENEGAL,1986,5.1,26.5,17.0
692,SENEGAL,1991-92,9.0,34.4,20.4
693,SENEGAL,1992-93,9.4,29.8,19.0
694,SENEGAL,1996,8.2,28.8,19.6
695,SENEGAL,2000,10.0,26.0,17.8
696,SENEGAL,2005,8.7,19.9,14.5
697,SENEGAL,2010-11,9.8,26.7,18.4
698,SENEGAL,2012,8.7,15.5,14.4
699,SENEGAL,2012-13,9.0,18.8,16.7
700,SENEGAL,2014,5.9,18.8,12.8
701,SENEGAL,2015,7.8,20.7,16.1
702,SENEGAL,2016,7.1,17.1,13.8
703,SENEGAL,2017,9.0,16.5,14.4
704,SENEGAL,2019,8.1,18.8,13.3
705,SERBIA,2005-06,4.5,8.1,1.8
706,SERBIA,2010,3.5,6.6,1.6
707,SERBIA,2014,3.9,6.0,1.8
708,SEYCHELLES,1987-88,2.7,7.7,5.0
709,SEYCHELLES,2012,4.3,7.9,3.6
710,SIERRA LEONE,1989,8.4,41.4,23.7
711,SIERRA LEONE,1990,10.2,40.9,25.4
712,SIERRA LEONE,2000,11.6,35.5,23.4
713,SIERRA LEONE,2005,10.2,45.0,27.2
714,SIERRA LEONE,2008,10.5,37.2,21.5
715,SIERRA LEONE,2010,8.5,44.4,21.7
716,SIERRA LEONE,2013,9.4,37.8,18.2
717,SIERRA LEONE,2017,6.8,31.0,15.6
718,SIERRA LEONE,2017,5.1,29.3,13.6
719,SIERRA LEONE,2019,5.4,29.5,13.6
720,SINGAPORE,2000,3.6,4.4,3.3
721,SOLOMON ISLANDS,1989,7.4,33.7,16.3
722,SOLOMON ISLANDS,2006-07,4.3,32.8,11.8
723,SOLOMON ISLANDS,2015,8.5,31.7,16.2
724,SOMALIA,2000,19.3,29.2,22.8
725,SOMALIA,2006,13.3,42.0,32.8
726,SOMALIA,2009,14.3,25.3,22.5
727,SOUTH AFRICA,1993-94,9.1,29.7,14.9
728,SOUTH AFRICA,1994-95,3.3,28.7,8.0
729,SOUTH AFRICA,1999,4.5,30.1,9.8
730,SOUTH AFRICA,2003-04,7.8,35.5,12.1
731,SOUTH AFRICA,2008,4.8,24.9,8.8
732,SOUTH AFRICA,2012,5.6,27.2,8.5
733,SOUTH AFRICA,2016,2.5,27.4,5.9
734,SOUTH SUDAN,2006,24.6,36.2,32.5
735,SOUTH SUDAN,2010,22.7,31.3,27.7
736,SRI LANKA,1987,14.9,32.3,32.8
737,SRI LANKA,1993,17.5,29.7,33.8
738,SRI LANKA,1995,15.3,26.1,29.3
739,SRI LANKA,2000,15.9,18.3,22.9
740,SRI LANKA,2006-07,14.7,17.3,21.1
741,SRI LANKA,2009,11.8,19.2,21.6
742,SRI LANKA,2012,21.3,14.6,26.1
743,SRI LANKA,2016,15.1,17.3,20.5
744,STATE OF PALESTINE,1996,3.0,7.8,2.5
745,STATE OF PALESTINE,2002,9.4,16.1,15.831152993348114
746,STATE OF PALESTINE,2004,3.2,10.5,3.3
747,STATE OF PALESTINE,2006-07,1.8,13.6,2.6
748,STATE OF PALESTINE,2010,3.3,10.9,3.7
749,STATE OF PALESTINE,2014,1.2,7.4,1.4
750,SUDAN,2006,14.5,38.3,27.0
751,SUDAN,2010,15.4,34.1,29.8
752,SUDAN,2014,16.3,38.2,33.0
753,SURINAME,1999-00,7.0,14.1,11.1
754,SURINAME,2006,4.9,10.6,7.5
755,SURINAME,2010,5.0,8.8,5.8
756,SYRIAN ARAB REPUBLIC,1993,10.0,32.8,11.5
757,SYRIAN ARAB REPUBLIC,1995,10.4,26.5,11.3
758,SYRIAN ARAB REPUBLIC,2000,4.9,24.3,6.0
759,SYRIAN ARAB REPUBLIC,2001,10.2,31.7,11.5
760,SYRIAN ARAB REPUBLIC,2006,10.3,28.7,10.0
761,SYRIAN ARAB REPUBLIC,2009-10,11.5,27.9,10.4
762,TAJIKISTAN,1999,11.4,41.5,15.831152993348114
763,TAJIKISTAN,2000,9.4,42.1,15.831152993348114
764,TAJIKISTAN,2001,19.4,43.2,15.831152993348114
765,TAJIKISTAN,2002,6.1,37.1,15.831152993348114
766,TAJIKISTAN,2003,5.9,42.4,15.831152993348114
767,TAJIKISTAN,2005,8.7,33.1,14.9
768,TAJIKISTAN,2007,6.9,39.3,15.1
769,TAJIKISTAN,2009,4.3,28.8,8.3
770,TAJIKISTAN,2012,9.9,26.9,13.3
771,TAJIKISTAN,2016,3.5,19.6,6.4
772,TAJIKISTAN,2017,5.6,17.5,7.6
773,THAILAND,1987,5.7,24.6,20.2
774,THAILAND,1993,7.3,21.1,16.3
775,THAILAND,1995,6.7,18.1,15.4
776,THAILAND,2005-06,4.7,15.7,7.0
777,THAILAND,2012-13,6.7,16.4,9.2
778,THAILAND,2015-16,5.4,10.5,6.7
779,TIMOR-LESTE,2002,13.7,55.7,40.6
780,TIMOR-LESTE,2003,14.3,54.8,41.5
781,TIMOR-LESTE,2007-08,21.3,57.2,49.5
782,TIMOR-LESTE,2009-10,18.9,57.5,44.9
783,TIMOR-LESTE,2013,9.9,51.7,37.5
784,TOGO,1988,5.9,40.7,21.7
785,TOGO,1996,6.948063781321184,40.2,16.7
786,TOGO,1998,12.4,33.2,23.8
787,TOGO,2006,15.5,29.9,23.3
788,TOGO,2008,6.0,26.9,20.5
789,TOGO,2010,4.8,29.8,16.6
790,TOGO,2012,5.5,26.2,16.5
791,TOGO,2013-14,6.6,27.6,16.1
792,TOGO,2017,5.7,23.8,15.2
793,TONGA,1986,1.3,2.2,15.831152993348114
794,TONGA,2012,5.2,8.1,1.8
795,TRINIDAD AND TOBAGO,1987,4.8,6.3,6.2
796,TRINIDAD AND TOBAGO,2000,5.2,5.3,4.3
797,TRINIDAD AND TOBAGO,2011,6.4,9.2,4.9
798,TUNISIA,1988,3.1,18.5,7.9
799,TUNISIA,1996-97,7.2,11.9,3.3
800,TUNISIA,2000,2.9,16.8,3.5
801,TUNISIA,2006,3.4,9.0,3.3
802,TUNISIA,2011-12,2.8,10.1,2.3
803,TUNISIA,2018,2.1,8.4,1.6
804,TURKEY,1993,3.9,23.6,8.7
805,TURKEY,1995,6.948063781321184,29.045321307779027,9.0
806,TURKEY,1998,3.0,18.8,7.0
807,TURKEY,2003-04,1.1,15.2,3.5
808,TURKEY,2008,1.0,12.5,1.9
809,TURKEY,2013-14,1.9,10.0,2.3
810,TURKEY,2018-19,1.7,6.0,1.5
811,TURKMENISTAN,2000,7.1,28.1,10.5
812,TURKMENISTAN,2006,7.2,18.9,9.2
813,TURKMENISTAN,2015-16,4.2,11.5,3.2
814,TUVALU,2007,3.3,10.0,1.6
815,UGANDA,1988-89,3.1,47.7,19.7
816,UGANDA,1995,5.9,45.7,20.8
817,UGANDA,2000-01,5.0,44.9,19.2
818,UGANDA,2006,6.2,38.4,16.3
819,UGANDA,2009-10,4.4,38.2,15.7
820,UGANDA,2011,4.6,33.5,14.1
821,UGANDA,2011-12,4.2,33.7,11.9
822,UGANDA,2013-14,3.8,34.0,11.7
823,UGANDA,2016,3.5,28.9,10.4
824,UKRAINE,2000,8.2,22.9,4.1
825,UNITED REPUBLIC OF TANZANIA,1991-92,7.8,49.9,24.8
826,UNITED REPUBLIC OF TANZANIA,1996,8.5,49.6,26.8
827,UNITED REPUBLIC OF TANZANIA,1999,5.6,48.3,25.3
828,UNITED REPUBLIC OF TANZANIA,2004-05,3.5,44.4,16.7
829,UNITED REPUBLIC OF TANZANIA,2008-09,2.9,43.2,16.4
830,UNITED REPUBLIC OF TANZANIA,2009-10,4.9,42.1,16.1
831,UNITED REPUBLIC OF TANZANIA,2010-11,6.2,35.0,14.1
832,UNITED REPUBLIC OF TANZANIA,2012-13,4.4,37.4,13.1
833,UNITED REPUBLIC OF TANZANIA,2014,3.8,34.7,13.4
834,UNITED REPUBLIC OF TANZANIA,2015-16,4.5,34.5,13.7
835,UNITED REPUBLIC OF TANZANIA,2018,3.5,31.8,14.6
836,UNITED STATES,1988-94,0.7,3.2,0.9
837,UNITED STATES,1999-02,0.4,3.3,1.1
838,UNITED STATES,2003-06,0.8,3.2,1.1
839,UNITED STATES,2007-10,0.5,2.7,0.8
840,UNITED STATES,2011-12,0.6,2.2,0.5
841,UNITED STATES,2013-14,0.3,2.4,15.831152993348114
842,UNITED STATES,2015-16,0.4,3.5,15.831152993348114
843,URUGUAY,1987,6.948063781321184,21.0,6.5
844,URUGUAY,1999,2.3,12.8,4.7
845,URUGUAY,2002,2.4,14.7,5.4
846,URUGUAY,2003,2.8,15.8,5.1
847,URUGUAY,2004,3.0,13.9,6.0
848,URUGUAY,2007,2.5,10.8,4.2
849,URUGUAY,2010-11,1.3,10.7,4.0
850,UZBEKISTAN,1996,10.7,39.5,13.3
851,UZBEKISTAN,2002,9.0,24.9,7.4
852,UZBEKISTAN,2006,4.4,19.6,4.4
853,UZBEKISTAN,2017,1.8,10.8,2.9
854,VANUATU,1996,6.8,25.7,10.6
855,VANUATU,2007,5.9,25.7,11.5
856,VANUATU,2013,4.7,28.9,11.7
857,VENEZUELA (BOLIVARIAN REPUBLIC OF),1987,2.2,7.0,3.9
858,VENEZUELA (BOLIVARIAN REPUBLIC OF),1990,5.7,18.6,6.7
859,VENEZUELA (BOLIVARIAN REPUBLIC OF),1991,4.5,18.2,5.4
860,VENEZUELA (BOLIVARIAN REPUBLIC OF),1992,4.3,18.3,4.5
861,VENEZUELA (BOLIVARIAN REPUBLIC OF),1993,4.0,17.4,4.0
862,VENEZUELA (BOLIVARIAN REPUBLIC OF),1994,3.8,17.9,3.9
863,VENEZUELA (BOLIVARIAN REPUBLIC OF),1995,3.8,18.9,4.1
864,VENEZUELA (BOLIVARIAN REPUBLIC OF),1996,3.8,19.3,4.4
865,VENEZUELA (BOLIVARIAN REPUBLIC OF),1997,3.8,19.9,4.5
866,VENEZUELA (BOLIVARIAN REPUBLIC OF),1998,4.4,19.2,4.6
867,VENEZUELA (BOLIVARIAN REPUBLIC OF),1999,4.0,18.3,4.1
868,VENEZUELA (BOLIVARIAN REPUBLIC OF),2000,3.9,17.4,3.9
869,VENEZUELA (BOLIVARIAN REPUBLIC OF),2001,4.4,17.3,4.0
870,VENEZUELA (BOLIVARIAN REPUBLIC OF),2002,4.8,17.6,4.2
871,VENEZUELA (BOLIVARIAN REPUBLIC OF),2003,5.2,17.7,4.6
872,VENEZUELA (BOLIVARIAN REPUBLIC OF),2004,5.2,17.1,4.5
873,VENEZUELA (BOLIVARIAN REPUBLIC OF),2005,4.8,16.2,4.1
874,VENEZUELA (BOLIVARIAN REPUBLIC OF),2006,4.8,16.2,3.9
875,VENEZUELA (BOLIVARIAN REPUBLIC OF),2007,5.0,15.6,3.7
876,VENEZUELA (BOLIVARIAN REPUBLIC OF),2008,4.5,14.6,3.2
877,VENEZUELA (BOLIVARIAN REPUBLIC OF),2009,4.1,13.4,2.9
878,VIET NAM,1987-89,11.1,61.3,40.7
879,VIET NAM,1992-93,6.7,61.5,36.6
880,VIET NAM,1994,13.5,52.5,40.6
881,VIET NAM,1998,11.9,42.1,35.8
882,VIET NAM,1999,11.0,43.7,31.1
883,VIET NAM,2000,6.1,43.2,26.7
884,VIET NAM,2002,8.9,37.5,23.4
885,VIET NAM,2003,10.9,35.4,24.6
886,VIET NAM,2004,11.3,33.7,23.8
887,VIET NAM,2005,10.7,33.2,22.7
888,VIET NAM,2006,9.9,31.8,22.1
889,VIET NAM,2007,10.1,32.2,22.6
890,VIET NAM,2008,9.7,30.5,20.2
891,VIET NAM,2009-10,7.1,29.3,17.5
892,VIET NAM,2010-11,4.1,22.7,11.7
893,VIET NAM,2011,6.6,27.5,16.8
894,VIET NAM,2012,6.7,26.7,16.2
895,VIET NAM,2013,6.6,25.9,15.3
896,VIET NAM,2014,6.8,24.9,14.5
897,VIET NAM,2015,6.4,24.6,14.1
898,VIET NAM,2016,6.948063781321184,24.3,13.8
899,VIET NAM,2017,5.8,23.8,13.4
900,YEMEN,1991-92,14.1,50.4,29.9
901,YEMEN,1996,17.4,50.4,34.2
902,YEMEN,1997,16.5,55.2,43.0
903,YEMEN,2003,15.3,57.3,45.3
904,YEMEN,2005-06,13.8,57.0,36.7
905,YEMEN,2011,13.3,46.6,35.5
906,YEMEN,2013,16.4,46.4,39.9
907,ZAMBIA,1992,6.3,46.3,21.2
908,ZAMBIA,1995,6.948063781321184,58.1,15.831152993348114
909,ZAMBIA,1996-97,5.3,48.6,19.6
910,ZAMBIA,1999,5.0,59.2,19.6
911,ZAMBIA,2001-02,6.2,52.5,23.2
912,ZAMBIA,2007,5.6,45.8,14.9
913,ZAMBIA,2013-14,6.2,40.0,14.9
914,ZAMBIA,2018-19,4.2,34.6,11.8
915,ZIMBABWE,1987,6.948063781321184,29.045321307779027,10.5
916,ZIMBABWE,1988,1.7,31.0,8.0
917,ZIMBABWE,1994,5.3,28.5,11.8
918,ZIMBABWE,1999,8.3,33.8,11.5
919,ZIMBABWE,2005-06,7.2,35.3,14.0
920,ZIMBABWE,2009,2.4,35.1,11.7
921,ZIMBABWE,2010-11,3.2,32.2,10.2
922,ZIMBABWE,2014,3.2,27.6,11.2
923,ZIMBABWE,2015,3.3,27.1,8.5
924,ZIMBABWE,2019,2.9,23.5,9.7
